lag,mean_autocorr,std_autocorr
0,1.0,0.0
1,0.3749631133687812,0.1015248954496426
2,0.28263097996140785,0.19257661938943324
3,0.24778638373939535,0.20162211152587892
4,0.25542852693887746,0.20506568574704062
5,0.23299452216044322,0.22044953868142672
6,0.2454837447228908,0.21620932061149947
7,0.21308735250247338,0.21092927596470745
8,0.25534959169253335,0.21447089246648857
9,0.2237107170441496,0.2119647206464791
10,0.24499111093760526,0.23595952220697047
11,0.2187385891153334,0.21457477771366915
12,0.23508627989084496,0.22241703637963772
13,0.2296059798478877,0.22282960863952556
14,0.22832541418514482,0.2202133271475834
15,0.24184683657084352,0.22047334093623452
16,0.25318616544404654,0.21771799168673228
17,0.2257140299021609,0.20702453137435411
18,0.2497034165650932,0.21852903155111136
19,0.2645997583304723,0.1714682627258811
20,0.28962284877001554,0.1729388799803958
21,0.25954767989880423,0.1873413252949467
22,0.26727960397387174,0.21189752864817588
23,0.24181450178958297,0.19562850973346477
24,0.24187421928188232,0.20821055215980183
25,0.21055395134274843,0.21004571547770104
26,0.22899134336215873,0.2101804476856911
27,0.22952350300077307,0.21035696733947376
28,0.22857296573257468,0.22606833420847727
29,0.2058289969549033,0.20224212201622394
30,0.23686577179449889,0.22238486314346453
31,0.20836078519887222,0.22121913175104826
32,0.23054460402922547,0.22608976468514225
33,0.2184103642070855,0.21674304790463444
34,0.2529889699881915,0.19805977697501573
35,0.2370969021345158,0.1973578160810461
36,0.2486248749252297,0.21698793663929672
37,0.2613645254812553,0.20201627481018475
38,0.25826999967866815,0.20386168320226042
39,0.2328853331194128,0.19077606815405915
40,0.2670634542855957,0.20897791685361397
41,0.25210887710731394,0.20422144671310588
42,0.24738643098729027,0.19488154735665816
43,0.2500370240144993,0.20299130262544815
44,0.2505216100161017,0.21050867720426583
45,0.22942679986290945,0.20588749794289712
46,0.24007470090734484,0.2059646587836225
47,0.22354936473894926,0.19827810651902064
48,0.24140544059212302,0.2009270964255534
49,0.23146943621370045,0.20112037101310049
50,0.242295734049193,0.21580421410821476
