replica,trial,channel,accepted
0,0,-1,True
0,1,-1,False
0,2,-1,True
0,3,-1,False
0,4,-1,False
0,5,-1,True
0,6,-1,False
0,7,-1,False
0,8,-1,False
0,9,-1,True
0,10,-1,False
0,11,-1,True
0,12,-1,False
0,13,-1,True
0,14,1,True
0,15,-1,True
0,16,-1,True
0,17,-1,True
0,18,-1,False
0,19,-1,False
0,20,-1,False
0,21,-1,True
0,22,-1,False
0,23,1,True
0,24,-1,True
0,25,-1,False
0,26,-1,False
0,27,-1,False
0,28,-1,True
0,29,-1,False
0,30,-1,False
0,31,-1,True
0,32,-1,False
0,33,-1,False
0,34,-1,True
0,35,-1,True
0,36,-1,False
0,37,-1,False
0,38,-1,False
0,39,-1,True
0,40,-1,False
0,41,-1,False
0,42,-1,False
0,43,-1,True
0,44,1,True
0,45,1,False
0,46,1,False
0,47,1,False
0,48,1,False
0,49,1,False
0,50,1,True
0,51,-1,True
0,52,-1,False
0,53,-1,False
0,54,-1,False
0,55,-1,False
0,56,-1,False
0,57,-1,False
0,58,-1,False
0,59,-1,True
0,60,-1,True
0,61,-1,False
0,62,-1,False
0,63,-1,False
0,64,-1,False
0,65,-1,False
0,66,-1,False
0,67,-1,True
0,68,-1,False
1,0,-1,True
1,1,-1,True
1,2,-1,True
1,3,-1,True
1,4,-1,False
1,5,-1,False
1,6,-1,False
1,7,-1,True
1,8,-1,False
1,9,-1,False
1,10,-1,True
1,11,-1,False
1,12,-1,False
1,13,-1,False
1,14,-1,False
1,15,-1,False
1,16,-1,False
1,17,-1,False
1,18,-1,False
1,19,-1,False
1,20,-1,True
1,21,-1,False
1,22,-1,False
1,23,-1,False
1,24,-1,False
1,25,-1,True
1,26,-1,False
1,27,-1,False
1,28,-1,False
1,29,-1,True
1,30,-1,True
1,31,-1,True
1,32,-1,False
1,33,-1,True
1,34,-1,True
1,35,-1,True
1,36,-1,False
1,37,-1,False
1,38,-1,True
1,39,-1,True
1,40,-1,True
1,41,-1,False
1,42,-1,False
1,43,-1,False
1,44,-1,True
1,45,-1,False
1,46,-1,False
1,47,-1,False
1,48,-1,True
1,49,-1,False
1,50,-1,True
1,51,-1,False
1,52,-1,True
1,53,-1,False
1,54,-1,False
1,55,-1,False
1,56,-1,False
1,57,-1,False
1,58,-1,False
1,59,-1,False
1,60,-1,False
1,61,-1,True
1,62,-1,True
1,63,-1,False
1,64,-1,False
1,65,-1,True
1,66,-1,False
1,67,-1,True
1,68,-1,False
1,69,-1,False
1,70,-1,False
1,71,-1,True
1,72,-1,False
2,0,-1,True
2,1,-1,True
2,2,-1,False
2,3,-1,True
2,4,-1,False
2,5,-1,True
2,6,-1,True
2,7,-1,True
2,8,-1,False
2,9,-1,True
2,10,-1,False
2,11,-1,True
2,12,-1,False
2,13,-1,False
2,14,-1,False
2,15,-1,False
2,16,-1,False
2,17,-1,False
2,18,-1,False
2,19,-1,True
2,20,-1,False
2,21,-1,False
2,22,-1,True
2,23,-1,False
2,24,-1,True
2,25,-1,True
2,26,-1,False
2,27,-1,False
2,28,-1,True
2,29,-1,True
2,30,-1,False
2,31,-1,False
2,32,-1,False
2,33,-1,False
2,34,-1,True
2,35,-1,True
2,36,-1,False
2,37,-1,False
2,38,-1,False
2,39,-1,True
2,40,-1,True
2,41,-1,False
2,42,-1,True
2,43,-1,False
2,44,-1,True
2,45,-1,True
2,46,-1,False
2,47,-1,False
2,48,-1,False
2,49,-1,False
2,50,-1,False
2,51,-1,False
2,52,-1,False
2,53,-1,False
2,54,-1,False
2,55,-1,True
2,56,-1,True
2,57,-1,False
2,58,-1,False
2,59,-1,True
2,60,-1,True
2,61,-1,False
2,62,-1,True
2,63,-1,True
2,64,-1,True
2,65,-1,True
2,66,-1,False
2,67,-1,True
2,68,-1,True
2,69,-1,True
2,70,-1,True
2,71,-1,True
2,72,-1,True
2,73,-1,False
2,74,-1,True
2,75,-1,False
3,0,-1,True
3,1,-1,False
3,2,-1,False
3,3,-1,False
3,4,-1,False
3,5,-1,True
3,6,-1,True
3,7,-1,True
3,8,-1,False
3,9,-1,True
3,10,-1,False
3,11,-1,False
3,12,-1,True
3,13,-1,True
3,14,-1,False
3,15,-1,True
3,16,-1,False
3,17,-1,True
3,18,-1,True
3,19,-1,True
3,20,-1,False
3,21,-1,True
3,22,-1,False
3,23,-1,False
3,24,-1,True
3,25,-1,False
3,26,-1,False
3,27,-1,False
3,28,-1,False
3,29,-1,True
3,30,-1,True
3,31,-1,True
3,32,-1,False
3,33,-1,True
3,34,-1,True
3,35,-1,False
3,36,-1,True
3,37,-1,True
3,38,-1,False
3,39,-1,False
3,40,-1,False
3,41,-1,False
3,42,-1,False
3,43,-1,False
3,44,-1,False
3,45,-1,False
3,46,-1,False
3,47,-1,False
3,48,-1,True
3,49,-1,True
3,50,-1,True
3,51,-1,True
3,52,-1,True
3,53,-1,False
3,54,-1,False
3,55,-1,False
3,56,-1,True
3,57,-1,True
3,58,-1,False
3,59,-1,True
3,60,-1,True
3,61,-1,True
3,62,-1,False
3,63,-1,False
3,64,-1,False
3,65,-1,False
4,0,-1,True
4,1,-1,False
4,2,-1,False
4,3,-1,False
4,4,-1,True
4,5,-1,True
4,6,-1,False
4,7,-1,False
4,8,-1,False
4,9,-1,False
4,10,-1,False
4,11,-1,False
4,12,-1,False
4,13,-1,True
4,14,-1,True
4,15,-1,True
4,16,-1,True
4,17,-1,True
4,18,-1,False
4,19,-1,False
4,20,-1,False
4,21,-1,False
4,22,-1,True
4,23,-1,True
4,24,-1,True
4,25,-1,True
4,26,-1,False
4,27,-1,True
4,28,1,True
4,29,1,False
4,30,1,False
4,31,1,False
4,32,1,False
4,33,1,False
4,34,1,False
4,35,-1,True
4,36,-1,True
4,37,-1,False
4,38,1,True
4,39,1,False
4,40,1,False
4,41,1,True
4,42,-1,True
4,43,-1,False
4,44,1,True
4,45,1,True
4,46,1,False
4,47,1,True
4,48,1,False
4,49,1,True
4,50,1,False
4,51,-1,True
4,52,1,True
4,53,1,False
4,54,1,False
4,55,1,True
4,56,1,True
4,57,1,True
4,58,1,True
4,59,1,True
4,60,1,False
4,61,1,False
4,62,1,False
4,63,1,True
4,64,1,False
4,65,1,False
4,66,1,True
4,67,1,False
4,68,1,False
4,69,1,False
4,70,1,False
4,71,1,False
4,72,1,False
4,73,-1,True
4,74,-1,False
4,75,-1,False
4,76,-1,False
4,77,-1,False
4,78,1,True
4,79,1,False
4,80,1,True
4,81,1,False
4,82,1,False
4,83,1,False
4,84,1,False
4,85,1,False
4,86,-1,True
4,87,-1,False
4,88,-1,False
4,89,-1,False
4,90,-1,False
4,91,-1,True
4,92,1,True
4,93,1,False
4,94,1,True
4,95,1,True
4,96,-1,True
4,97,-1,False
4,98,-1,False
4,99,1,True
4,100,1,False
4,101,1,True
5,0,-1,True
5,1,-1,True
5,2,-1,True
5,3,-1,False
5,4,-1,False
5,5,-1,False
5,6,-1,False
5,7,-1,False
5,8,-1,False
5,9,-1,False
5,10,-1,True
5,11,-1,False
5,12,-1,True
5,13,-1,True
5,14,-1,True
5,15,-1,True
5,16,-1,True
5,17,-1,True
5,18,-1,True
5,19,-1,False
5,20,-1,True
5,21,-1,True
5,22,-1,False
5,23,-1,False
5,24,-1,False
5,25,-1,False
5,26,-1,False
5,27,-1,True
5,28,-1,False
5,29,-1,False
5,30,-1,False
5,31,-1,False
5,32,-1,True
5,33,-1,True
5,34,-1,True
5,35,-1,False
5,36,-1,False
5,37,-1,False
5,38,-1,False
5,39,-1,False
5,40,-1,True
5,41,-1,False
5,42,-1,True
5,43,-1,False
5,44,-1,False
5,45,-1,False
5,46,-1,False
5,47,-1,False
5,48,-1,False
5,49,-1,False
5,50,-1,False
5,51,-1,False
5,52,-1,True
5,53,-1,True
5,54,-1,True
5,55,-1,False
5,56,-1,True
5,57,-1,False
5,58,-1,True
5,59,-1,True
5,60,-1,False
5,61,-1,False
5,62,-1,False
5,63,-1,False
5,64,-1,True
5,65,-1,True
5,66,-1,True
5,67,-1,False
6,0,-1,True
6,1,-1,False
6,2,-1,True
6,3,-1,True
6,4,-1,False
6,5,-1,False
6,6,-1,True
6,7,-1,True
6,8,-1,True
6,9,-1,True
6,10,-1,False
6,11,-1,True
6,12,-1,False
6,13,-1,True
6,14,-1,False
6,15,-1,False
6,16,-1,True
6,17,-1,False
6,18,1,True
6,19,-1,True
6,20,-1,False
6,21,-1,False
6,22,-1,False
6,23,-1,True
6,24,-1,False
6,25,-1,True
6,26,-1,False
6,27,-1,True
6,28,-1,True
6,29,-1,False
6,30,-1,True
6,31,-1,True
6,32,-1,False
6,33,-1,False
6,34,-1,False
6,35,-1,False
6,36,-1,False
6,37,-1,False
6,38,-1,False
6,39,-1,False
6,40,-1,False
6,41,-1,False
6,42,-1,True
6,43,-1,False
6,44,-1,True
6,45,-1,True
6,46,-1,True
6,47,1,True
6,48,1,False
6,49,1,False
6,50,-1,True
6,51,-1,False
6,52,-1,False
6,53,-1,False
6,54,-1,False
6,55,-1,True
6,56,-1,False
6,57,-1,False
6,58,-1,False
6,59,-1,True
6,60,-1,False
6,61,1,True
6,62,-1,True
6,63,-1,False
6,64,-1,False
6,65,-1,False
6,66,-1,True
6,67,-1,True
6,68,-1,False
6,69,-1,False
6,70,-1,False
6,71,-1,False
6,72,-1,False
6,73,1,True
6,74,1,True
6,75,1,False
6,76,1,False
6,77,1,False
6,78,-1,True
6,79,-1,False
6,80,-1,False
6,81,-1,True
6,82,-1,False
6,83,-1,False
6,84,-1,True
7,0,-1,True
7,1,-1,False
7,2,-1,True
7,3,-1,True
7,4,-1,True
7,5,-1,False
7,6,-1,True
7,7,-1,True
7,8,-1,False
7,9,-1,True
7,10,-1,False
7,11,-1,False
7,12,-1,False
7,13,-1,True
7,14,-1,True
7,15,-1,True
7,16,-1,False
7,17,-1,False
7,18,-1,False
7,19,-1,True
7,20,-1,True
7,21,-1,False
7,22,-1,True
7,23,-1,True
7,24,-1,True
7,25,-1,True
7,26,-1,True
7,27,-1,True
7,28,-1,True
7,29,-1,False
7,30,-1,False
7,31,-1,True
7,32,-1,True
7,33,-1,False
7,34,-1,True
7,35,-1,False
7,36,-1,True
7,37,-1,False
7,38,-1,False
7,39,-1,False
7,40,-1,False
7,41,-1,True
7,42,-1,True
7,43,-1,False
7,44,-1,True
7,45,-1,False
7,46,-1,False
7,47,-1,False
7,48,-1,False
7,49,-1,False
7,50,-1,False
7,51,-1,True
7,52,-1,False
7,53,-1,True
7,54,-1,True
7,55,-1,True
7,56,-1,False
7,57,-1,True
7,58,-1,False
7,59,-1,False
7,60,-1,False
7,61,-1,False
8,0,-1,True
8,1,-1,True
8,2,-1,False
8,3,-1,True
8,4,-1,False
8,5,-1,True
8,6,-1,False
8,7,-1,False
8,8,-1,False
8,9,-1,True
8,10,-1,True
8,11,-1,False
8,12,-1,False
8,13,-1,False
8,14,-1,True
8,15,-1,False
8,16,-1,False
8,17,-1,False
8,18,-1,False
8,19,-1,True
8,20,-1,False
8,21,-1,True
8,22,-1,True
8,23,-1,True
8,24,-1,False
8,25,-1,False
8,26,-1,True
8,27,-1,False
8,28,-1,False
8,29,-1,True
8,30,-1,True
8,31,-1,False
8,32,-1,False
8,33,-1,False
8,34,-1,False
8,35,-1,True
8,36,-1,True
8,37,-1,True
8,38,-1,False
8,39,-1,True
8,40,-1,False
8,41,-1,True
8,42,-1,False
8,43,-1,True
8,44,-1,False
8,45,-1,False
8,46,-1,False
8,47,-1,True
8,48,-1,False
8,49,-1,True
8,50,-1,False
8,51,-1,True
8,52,-1,True
8,53,-1,True
8,54,-1,False
8,55,-1,True
8,56,-1,False
8,57,-1,True
8,58,-1,True
8,59,-1,False
8,60,-1,False
8,61,-1,True
8,62,-1,False
8,63,-1,True
8,64,-1,False
8,65,-1,False
8,66,-1,True
8,67,-1,False
8,68,-1,True
8,69,-1,True
8,70,-1,False
8,71,-1,False
8,72,-1,False
8,73,-1,False
8,74,-1,False
8,75,-1,False
8,76,-1,True
8,77,-1,True
8,78,-1,True
8,79,-1,True
8,80,-1,True
9,0,-1,True
9,1,-1,False
9,2,-1,False
9,3,-1,False
9,4,-1,False
9,5,-1,True
9,6,-1,True
9,7,-1,True
9,8,-1,True
9,9,-1,False
9,10,-1,False
9,11,-1,False
9,12,-1,True
9,13,-1,False
9,14,-1,True
9,15,-1,False
9,16,-1,True
9,17,-1,True
9,18,-1,True
9,19,-1,False
9,20,-1,False
9,21,-1,False
9,22,-1,False
9,23,-1,False
9,24,-1,False
9,25,-1,True
9,26,-1,True
9,27,-1,False
9,28,1,True
9,29,-1,True
9,30,-1,False
9,31,1,True
9,32,1,False
9,33,1,False
9,34,1,False
9,35,-1,True
9,36,-1,True
9,37,-1,False
9,38,-1,False
9,39,-1,False
9,40,-1,True
9,41,1,True
9,42,-1,True
9,43,-1,True
9,44,-1,False
9,45,-1,False
9,46,-1,False
9,47,1,True
9,48,-1,True
9,49,-1,True
9,50,-1,False
9,51,-1,False
9,52,-1,False
9,53,-1,False
9,54,1,True
9,55,1,False
9,56,1,False
9,57,1,False
9,58,1,False
9,59,-1,True
9,60,-1,False
9,61,-1,True
9,62,-1,False
9,63,-1,False
9,64,1,True
9,65,1,False
9,66,1,False
9,67,-1,True
9,68,-1,True
9,69,1,True
9,70,1,False
9,71,1,False
9,72,-1,True
9,73,-1,False
9,74,-1,False
9,75,-1,True
9,76,-1,False
9,77,-1,False
9,78,-1,False
10,0,-1,True
10,1,-1,True
10,2,-1,True
10,3,-1,False
10,4,-1,False
10,5,-1,False
10,6,-1,False
10,7,-1,False
10,8,-1,False
10,9,-1,True
10,10,-1,False
10,11,-1,False
10,12,-1,False
10,13,-1,True
10,14,-1,True
10,15,-1,False
10,16,-1,False
10,17,-1,False
10,18,-1,False
10,19,-1,False
10,20,-1,False
10,21,-1,True
10,22,-1,False
10,23,-1,False
10,24,-1,True
10,25,-1,False
10,26,-1,True
10,27,-1,True
10,28,-1,True
10,29,-1,False
10,30,-1,False
10,31,-1,True
10,32,-1,False
10,33,-1,True
10,34,-1,False
10,35,-1,True
10,36,-1,False
10,37,-1,True
10,38,-1,True
10,39,-1,True
10,40,-1,False
10,41,-1,False
10,42,-1,True
10,43,-1,False
10,44,-1,True
10,45,-1,False
10,46,-1,True
10,47,-1,True
10,48,-1,False
10,49,-1,True
10,50,-1,True
10,51,-1,False
10,52,-1,True
10,53,-1,True
10,54,-1,True
10,55,-1,True
10,56,-1,True
10,57,-1,False
10,58,-1,False
10,59,-1,True
10,60,-1,True
10,61,-1,False
10,62,-1,False
10,63,-1,True
10,64,-1,False
10,65,-1,True
10,66,-1,False
10,67,-1,True
10,68,-1,False
10,69,-1,False
10,70,-1,True
10,71,-1,True
10,72,-1,False
11,0,-1,True
11,1,-1,False
11,2,-1,False
11,3,-1,False
11,4,-1,False
11,5,-1,True
11,6,-1,True
11,7,-1,False
11,8,-1,False
11,9,-1,True
11,10,-1,False
11,11,-1,False
11,12,-1,False
11,13,-1,False
11,14,-1,False
11,15,-1,False
11,16,-1,False
11,17,-1,False
11,18,-1,False
11,19,-1,False
11,20,-1,False
11,21,-1,True
11,22,-1,True
11,23,-1,False
11,24,-1,True
11,25,-1,False
11,26,-1,True
11,27,-1,False
11,28,-1,False
11,29,-1,True
11,30,-1,False
11,31,-1,True
11,32,-1,False
11,33,-1,False
11,34,-1,False
11,35,-1,True
11,36,-1,False
11,37,-1,False
11,38,-1,False
11,39,-1,False
11,40,-1,False
11,41,-1,False
11,42,-1,True
11,43,-1,False
11,44,-1,True
11,45,-1,False
11,46,-1,False
11,47,-1,False
11,48,-1,True
11,49,-1,False
11,50,-1,False
11,51,-1,False
11,52,-1,False
11,53,-1,False
11,54,-1,False
11,55,-1,False
11,56,-1,False
11,57,-1,False
11,58,-1,False
11,59,-1,True
11,60,-1,False
11,61,-1,True
