force_evaluations,mean_overlap,p10_overlap,p90_overlap
47455081.96721312,1.0,1.0,1.0
94910163.93442623,0.7951407235517778,0.42733988007299906,1.0
142365245.90163934,0.6454332080737403,0.2597851685297471,1.0
189820327.86885247,0.5480983694088623,0.027839057749254735,1.0
237275409.8360656,0.4659211694052294,0.0,1.0
284730491.8032787,0.39534543343885314,0.0,0.7678803098047295
332185573.77049184,0.34323211682737104,0.0,0.7340380370181694
379640655.73770493,0.2961060557147188,0.0,0.6997144783210398
427095737.704918,0.2572738138495404,0.0,0.6590832448321162
474550819.6721312,0.22625211481294039,0.0,0.6376339128907622
522005901.6393443,0.20248677244241423,0.0,0.6194610349456284
569460983.6065574,0.18045577334687926,0.0,0.5894206963337871
616916065.5737705,0.15894734094960367,0.0,0.5668122263885487
664371147.5409837,0.1475688576639785,0.0,0.5605209421779253
711826229.5081967,0.13418866489794506,0.0,0.5566098144823459
759281311.4754099,0.12349222596294998,0.0,0.5566098144823459
806736393.442623,0.11243037803755444,0.0,0.5517999726016674
854191475.409836,0.10927595509525775,0.0,0.5517999726016674
901646557.3770492,0.09786058810777058,0.0,0.5470832253046409
949101639.3442624,0.09167131156596307,0.0,0.5294215872343545
996556721.3114754,0.08450252176603015,0.0,0.5275540009783657
1044011803.2786885,0.07827122537952795,0.0,0.51378465707734
1091466885.2459016,0.07611294610976181,0.0,0.46830693778143545
1138921967.2131147,0.07131907532649315,0.0,0.4289485117510595
1186377049.180328,0.06872141712054367,0.0,0.4224115345465166
1233832131.147541,0.06600604016237314,0.0,0.41453735649115
1281287213.1147542,0.06415465314778986,0.0,0.30625349782222544
1328742295.0819674,0.06415465314778986,0.0,0.30625349782222544
1376197377.0491803,0.06213981486035787,0.0,0.20119338080300087
1423652459.0163934,0.06059162069731449,0.0,0.19613024978934687
1471107540.9836066,0.05866879535329098,0.0,0.14477595919148362
1518562622.9508197,0.05556861927042734,0.0,0.08890435411702721
1566017704.918033,0.055025046519242934,0.0,0.028318752110582095
1613472786.885246,0.05379546604461672,0.0,0.01058868323309556
1660927868.8524592,0.051843951983583665,0.0,0.00995280654350723
1708382950.819672,0.046898684410674144,0.0,0.0032846715328467154
1755838032.7868853,0.044090842994797916,0.0,0.0
1803293114.7540984,0.041338326662144806,0.0,0.0
1850748196.7213116,0.03783912692820017,0.0,0.0
1898203278.6885247,0.034515270585130514,0.0,0.0
1945658360.6557379,0.03340849114810131,0.0,0.0
1993113442.6229508,0.03230708575938152,0.0,0.0
2040568524.590164,0.030372849782592356,0.0,0.0
2088023606.557377,0.027573996375151007,0.0,0.0
2135478688.5245903,0.027552156803788995,0.0,0.0
2182933770.491803,0.025839123345622,0.0,0.0
2230388852.4590163,0.025839123345622,0.0,0.0
2277843934.4262295,0.02397323237824626,0.0,0.0
2325299016.3934426,0.023917824576827815,0.0,0.0
2372754098.360656,0.022433099852817183,0.0,0.0
2420209180.327869,0.02050456886843514,0.0,0.0
2467664262.295082,0.020023213593612445,0.0,0.0
2515119344.2622952,0.018614083445844202,0.0,0.0
2562574426.2295084,0.01715983336723609,0.0,0.0
2610029508.1967216,0.016207955753124434,0.0,0.0
2657484590.1639347,0.015047854910925853,0.0,0.0
2704939672.131148,0.013410815543324482,0.0,0.0
2752394754.0983605,0.011860233447780524,0.0,0.0
2799849836.0655737,0.009009628938441412,0.0,0.0
2847304918.032787,0.0072040462720350095,0.0,0.0
2894760000.0,0.0072040462720350095,0.0,0.0
2942215081.967213,0.0072040462720350095,0.0,0.0
2989670163.9344263,0.0072040462720350095,0.0,0.0
3037125245.9016395,0.0072040462720350095,0.0,0.0
3084580327.8688526,0.0072040462720350095,0.0,0.0
3132035409.836066,0.0072040462720350095,0.0,0.0
3179490491.803279,0.005253301122536462,0.0,0.0
3226945573.770492,0.0037974133749209076,0.0,0.0
3274400655.737705,0.0037974133749209076,0.0,0.0
3321855737.7049184,0.002398217196599414,0.0,0.0
3369310819.672131,0.0010930937134200924,0.0,0.0
3416765901.639344,0.0,0.0,0.0
3464220983.6065574,0.0,0.0,0.0
3511676065.5737705,0.0,0.0,0.0
3559131147.5409837,0.0,0.0,0.0
3606586229.508197,0.0,0.0,0.0
3654041311.47541,0.0,0.0,0.0
3701496393.442623,0.0,0.0,0.0
3748951475.4098363,0.0,0.0,0.0
3796406557.3770494,0.0,0.0,0.0
3843861639.3442626,0.0,0.0,0.0
3891316721.3114758,0.0,0.0,0.0
3938771803.278689,0.0,0.0,0.0
3986226885.2459016,0.0,0.0,0.0
4033681967.2131147,0.0,0.0,0.0
4081137049.180328,0.0,0.0,0.0
4128592131.147541,0.0,0.0,0.0
4176047213.114754,0.0,0.0,0.0
4223502295.0819674,0.0,0.0,0.0
4270957377.0491805,0.0,0.0,0.0
4318412459.016394,0.0,0.0,0.0
4365867540.983606,0.0,0.0,0.0
4413322622.95082,0.0,0.0,0.0
4460777704.918033,0.0,0.0,0.0
4508232786.885246,0.0,0.0,0.0
4555687868.852459,0.0,0.0,0.0
4603142950.819673,0.0,0.0,0.0
4650598032.786885,0.0,0.0,0.0
4698053114.754099,0.0,0.0,0.0
4745508196.721312,0.0,0.0,0.0
4792963278.688525,0.0,0.0,0.0
4840418360.655738,0.0,0.0,0.0
4887873442.622951,0.0,0.0,0.0
4935328524.590164,0.0,0.0,0.0
4982783606.557377,0.0,0.0,0.0
5030238688.5245905,0.0,0.0,0.0
5077693770.491803,0.0,0.0,0.0
5125148852.459017,0.0,0.0,0.0
5172603934.4262295,0.0,0.0,0.0
5220059016.393443,0.0,0.0,0.0
5267514098.360656,0.0,0.0,0.0
5314969180.327869,0.0,0.0,0.0
5362424262.295082,0.0,0.0,0.0
5409879344.262296,0.0,0.0,0.0
5457334426.229508,0.0,0.0,0.0
5504789508.196721,0.0,0.0,0.0
5552244590.163935,0.0,0.0,0.0
5599699672.131147,0.0,0.0,0.0
5647154754.098361,0.0,0.0,0.0
5694609836.065574,0.0,0.0,0.0
5742064918.032787,0.0,0.0,0.0
5789520000.0,0.0,0.0,0.0
5836975081.967214,0.0,0.0,0.0
5884430163.934426,0.0,0.0,0.0
5931885245.90164,0.0,0.0,0.0
5979340327.868853,0.0,0.0,0.0
6026795409.836066,0.0,0.0,0.0
6074250491.803279,0.0,0.0,0.0
6121705573.770492,0.0,0.0,0.0
6169160655.737705,0.0,0.0,0.0
6216615737.704918,0.0,0.0,0.0
6264070819.672132,0.0,0.0,0.0
6311525901.639344,0.0,0.0,0.0
6358980983.606558,0.0,0.0,0.0
6406436065.5737705,0.0,0.0,0.0
6453891147.540984,0.0,0.0,0.0
6501346229.508197,0.0,0.0,0.0
6548801311.47541,0.0,0.0,0.0
6596256393.442623,0.0,0.0,0.0
6643711475.409837,0.0,0.0,0.0
6691166557.377049,0.0,0.0,0.0
6738621639.344262,0.0,0.0,0.0
6786076721.311476,0.0,0.0,0.0
6833531803.278688,0.0,0.0,0.0
6880986885.245902,0.0,0.0,0.0
6928441967.213115,0.0,0.0,0.0
6975897049.180328,0.0,0.0,0.0
7023352131.147541,0.0,0.0,0.0
7070807213.114755,0.0,0.0,0.0
7118262295.081967,0.0,0.0,0.0
7165717377.049181,0.0,0.0,0.0
7213172459.016394,0.0,0.0,0.0
7260627540.983607,0.0,0.0,0.0
7308082622.95082,0.0,0.0,0.0
7355537704.918033,0.0,0.0,0.0
7402992786.885246,0.0,0.0,0.0
7450447868.852459,0.0,0.0,0.0
7497902950.819673,0.0,0.0,0.0
7545358032.786885,0.0,0.0,0.0
7592813114.754099,0.0,0.0,0.0
7640268196.721312,0.0,0.0,0.0
7687723278.688525,0.0,0.0,0.0
7735178360.655738,0.0,0.0,0.0
7782633442.6229515,0.0,0.0,0.0
7830088524.590164,0.0,0.0,0.0
7877543606.557378,0.0,0.0,0.0
7924998688.5245905,0.0,0.0,0.0
7972453770.491803,0.0,0.0,0.0
8019908852.459017,0.0,0.0,0.0
8067363934.4262295,0.0,0.0,0.0
8114819016.393443,0.0,0.0,0.0
